{"feature_keys": ["koi_period", "koi_period_err1", "koi_period_err2", "koi_time0bk", "koi_time0bk_err1", "koi_time0bk_err2", "koi_impact", "koi_impact_err1", "koi_impact_err2", "koi_duration", "koi_duration_err1", "koi_duration_err2", "koi_depth", "koi_depth_err1", "koi_depth_err2", "koi_prad", "koi_prad_err1", "koi_prad_err2", "koi_teq", "koi_insol", "koi_insol_err1", "koi_insol_err2", "koi_model_snr", "koi_tce_plnt_num", "koi_steff", "koi_steff_err1", "koi_steff_err2", "koi_slogg", "koi_slogg_err1", "koi_slogg_err2", "koi_srad_err1", "koi_srad_err2", "ra"], "medians": {"koi_period": 8.07394097, "koi_period_err1": 2.154e-05, "koi_period_err2": -2.154e-05, "koi_time0bk": 136.420718, "koi_time0bk_err1": 0.00307, "koi_time0bk_err2": -0.00307, "koi_impact": 0.586, "koi_impact_err1": 0.177, "koi_impact_err2": -0.184, "koi_duration": 3.836, "koi_duration_err1": 0.109, "koi_duration_err2": -0.109, "koi_depth": 501.5, "koi_depth_err1": 19.6, "koi_depth_err2": -19.6, "koi_prad": 2.62, "koi_prad_err1": 0.56, "koi_prad_err2": -0.34, "koi_teq": 933.0, "koi_insol": 180.465, "koi_insol_err1": 92.7, "koi_insol_err2": -51.705, "koi_model_snr": 30.5, "koi_tce_plnt_num": 1.0, "koi_steff": 5774.0, "koi_steff_err1": 157.0, "koi_steff_err2": -160.0, "koi_slogg": 4.438, "koi_slogg_err1": 0.071, "koi_slogg_err2": -0.128, "koi_srad_err1": 0.246, "koi_srad_err2": -0.111, "ra": 292.32611}, "means": {"koi_period": 51.66097119233869, "koi_period_err1": 0.0017228082677653337, "koi_period_err2": -0.0017228082677653337, "koi_time0bk": 162.42225848551132, "koi_time0bk_err1": 0.008020836677653284, "koi_time0bk_err2": -0.008020836677653284, "koi_impact": 0.750317930125244, "koi_impact_err1": 1.9950201977587256, "koi_impact_err2": -0.3206665128543183, "koi_duration": 5.713064561634818, "koi_duration_err1": 0.28316095715227235, "koi_duration_err2": -0.28316095715227235, "koi_depth": 28538.406170072492, "koi_depth_err1": 137.33398813447525, "koi_depth_err2": -137.33398813447525, "koi_prad": 100.70183915622928, "koi_prad_err1": 15.534104152933374, "koi_prad_err2": -33.228692155570116, "koi_teq": 1146.7495056031642, "koi_insol": 9126.236550428564, "koi_insol_err1": 4351.169041529321, "koi_insol_err2": -4772.84555240603, "koi_model_snr": 308.7566908371787, "koi_tce_plnt_num": 1.215820698747528, "koi_steff": 5717.955306526038, "koi_steff_err1": 145.69347396176664, "koi_steff_err2": -163.03295978905734, "koi_slogg": 4.315179169413265, "koi_slogg_err1": 0.11903572841133842, "koi_slogg_err2": -0.13969044166117423, "koi_srad_err1": 0.3551883981542555, "koi_srad_err2": -0.3952003955174702, "ra": 292.13564145550487}, "stds": {"koi_period": 111.83838086184525, "koi_period_err1": 0.007903765432727921, "koi_period_err2": 0.007903765432727921, "koi_time0bk": 62.89990239380799, "koi_time0bk_err1": 0.020418678249865548, "koi_time0bk_err2": 0.020418678249865548, "koi_impact": 3.1414771558224097, "koi_impact_err1": 9.491065673804027, "koi_impact_err2": 1.2933446645440736, "koi_duration": 6.826209845290324, "koi_duration_err1": 0.6046242594721345, "koi_duration_err2": 0.6046242594721345, "koi_depth": 89754.76988504469, "koi_depth_err1": 4506.82637225248, "koi_depth_err2": 4506.82637225248, "koi_prad": 3125.7580529118773, "koi_prad_err1": 343.1568732689865, "koi_prad_err2": 1254.6170985095, "koi_teq": 886.0187055770738, "koi_insol": 175600.79571524495, "koi_insol_err1": 60522.65005435844, "koi_insol_err2": 97495.73079679368, "koi_model_snr": 867.4999133731319, "koi_tce_plnt_num": 0.6219547664902679, "koi_steff": 805.1938779890006, "koi_steff_err1": 46.339063986325954, "koi_steff_err2": 73.0849039519166, "koi_slogg": 0.4302898725368764, "koi_slogg_err1": 0.1304953901521018, "koi_slogg_err2": 0.0798368401092927, "koi_srad_err1": 0.9591218088553225, "koi_srad_err2": 2.320171154882367, "ra": 4.767109707790709}, "weights": [-0.10024885368040248, -0.06262416951981833, 0.06262416951981833, -0.023906257209241232, -0.054277312801920344, 0.054277312801920344, -0.053226399457510204, -0.11040263300368452, -0.014700167917468275, -0.08878474944822959, -0.1059200810883354, 0.1059200810883354, -0.17447908998800865, -0.00776627587497266, 0.00776627587497266, -0.00665865245696337, -0.012146398795501934, 0.003918986200119262, -0.21149270027503428, -0.009886465286600107, -0.017205438845756704, 0.008242132887162171, -0.1452355742693397, 0.19101309903091618, -0.07472822759179851, -0.2822423743038141, 0.21969532872633066, 0.08804193855422926, -0.06213510886595951, 0.14974785009234187, -0.07037159377544076, 0.03554225812404574, -0.11263771901568265], "bias": -0.2735954316768391}